{
  "type": "forge:conditional",
  "recipes": [
    {
      "conditions": [
        {
          "type": "forge:not",
          "value": {
            "type": "forge:tag_empty",
            "tag": "forge:ores/prosperity"
          }
        }
      ],
      "recipe": {
        "type": "industrialforegoing:laser_drill_ore",
        "catalyst": {
          "item": "industrialforegoing:laser_lens12"
        },
        "output": {
          "tag": "forge:raw_materials/bauxite"
        },
        "pointer": 0,
        "rarity": [
          {
            "blacklist": {
              "type": "mysticalagriculture:prosperity_shard",
              "values": [
                "minecraft:the_end",
                "minecraft:the_void",
                "minecraft:small_end_islands",
                "minecraft:end_barrens",
                "minecraft:end_highlands",
                "minecraft:end_midlands"
              ]
            },
            "depth_max": 100,
            "depth_min": 50,
            "weight": 26,
            "whitelist": {}
          },
          {
            "blacklist": {
              "type": "mysticalagriculture:prosperity_shard",
              "values": [
                "minecraft:the_end",
                "minecraft:the_void",
                "minecraft:small_end_islands",
                "minecraft:end_barrens",
                "minecraft:end_highlands",
                "minecraft:end_midlands"
              ]
            },
            "depth_max": 255,
            "depth_min": 0,
            "weight": 25,
            "whitelist": {}
          }
        ]
      }
    }
  ]
}